participant_id,condition,freq,intensity,t_transition_ms,from_level,to_level,delta_multiplier,direction,next_transition_ms,n_pre,n_imm,n_rec,pre_mean_dev,pre_sd_dev,imm_mean_dev,delta_dev,rec_mean_dev,peak_dev_0_10s,t_recover_dev_ms,residual_dev_5_10s,residual_dev_10_15s,recover_success,tail_t_start_ms,tail_n_samples,tail_mean_dev,tail_rmse_dev,tail_std_dev,tail_hit_ratio,tail_time_to_stable_ms,steady_n_samples,steady_mean_dev,steady_rmse_dev,steady_std_dev,steady_hit_ratio,steady_slope_dev,cumulative_delta_dev,mean_recover_success_ratio
1_LMR,LI_LF,LF,LI,240000,MID,TAIL,1.5,down,,343,217,218,7.932597588921284,3.423025168782046,4.348435930875576,-3.5841616580457076,-2.943866726535963,10.515069,0.0,-2.943866726535963,-3.926622058115596,1,240000,1942,3.9398905957775487,4.430966925680834,2.0274935239800618,1.0,0.0,1856,3.9411107128232756,4.440397828246289,2.045673293163886,1.0,-0.02035248881285021,2.164298486689545,0.6666666666666666
1_LMR,HI_LF,LF,HI,240000,HIGH,TAIL,3.0,down,,343,214,218,11.922458303206996,5.42982676974697,4.56328813551402,-7.359170167692977,-6.541237092197822,14.197824,0.0,-6.541237092197822,-7.388302256695368,1,240000,1936,4.332079748450414,5.144270661808159,2.7742757063792274,1.0,798.0,1816,4.271416801762114,5.011542519160644,2.6211747227110433,1.0,-0.02675029767054255,1.425813543636597,0.3333333333333333
1_LMR,LI_MF,MF,LI,240000,MID,TAIL,1.5,down,,353,215,212,5.069747838526912,2.8112301708370926,4.358762986046512,-0.7109848524804008,-1.733337673432573,17.440497,710.0,-1.733337673432573,-1.86366199593432,1,240000,1937,3.6314269168817757,4.2151298236546335,2.140107001439242,1.0,1668.0,1777,3.501494678671919,3.9239824480742542,1.7712067265079627,1.0,0.0009073629697743729,1.574070441388507,0.5714285714285714
1_LMR,HI_MF,MF,HI,240000,HIGH,TAIL,3.0,down,,344,213,214,8.738511220930235,4.823427956725885,4.11157585915493,-4.626935361775305,-6.216608566724627,13.33143,0.0,-6.216608566724627,-6.2709383536316565,1,240000,1937,3.6183451646876614,4.613096746353253,2.861510066450298,1.0,805.0,1814,3.499150851157663,4.421962202258444,2.703644399517984,1.0,0.06281583035254644,-0.21357685928458775,0.5714285714285714
1_LMR,LI_HF,HF,LI,240000,MID,TAIL,1.5,down,,344,216,215,6.177299334302326,2.572689470071492,4.083773587962963,-2.0935257463393633,-0.48043625523255873,11.85949,0.0,-0.48043625523255873,-2.8690047333633584,1,240000,1945,5.219774227763496,6.17568645340652,3.3004636313652678,1.0,231.0,1847,5.225802309149973,6.222024514444614,3.3770666685797823,1.0,-0.00018584773172587512,1.4540617228048514,0.45454545454545453
1_LMR,HI_HF,HF,HI,240000,HIGH,TAIL,3.0,down,,343,216,217,14.449339390670552,10.676915667272652,4.241077865740741,-10.20826152492981,-10.682453593435529,10.025404,0.0,-10.682453593435529,-11.710637937399525,1,240000,1938,3.265690957172343,3.760294538981982,1.8641559999475648,1.0,8377.0,1489,3.0760847629281396,3.531829225758667,1.7353732195710512,1.0,-0.027382050692527745,1.0999051883225397,0.45454545454545453
1_LMR,BASE,BASE,NONE,240000,LOW,TAIL,0.0,down,,346,218,215,3.2996676965317913,1.2883641836402864,5.897889577981651,2.59822188144986,1.9383600383519295,13.709526,,1.9383600383519295,0.3180675830890616,0,240000,1949,5.993960736275013,8.331874569614014,5.787276435057706,1.0,0.0,1865,5.99472788686327,8.406714888759328,5.893733348511076,1.0,0.11421979986052143,,
2_CYL,LI_LF,LF,LI,240000,MID,TAIL,1.5,down,,340,214,213,9.76217593235294,5.233194964497253,4.886952457943925,-4.875223474409015,-6.7227650919773545,12.320047,0.0,-6.7227650919773545,-5.980389441968326,1,240000,1914,4.447694653082549,5.0280248987483604,2.3450046173460644,1.0,1695.0,1756,4.360920595671982,4.907527122977414,2.250820743862758,1.0,0.003870145240195675,3.440673252374458,0.3333333333333333
2_CYL,HI_LF,LF,HI,240000,HIGH,TAIL,3.0,down,,335,211,211,15.940761611940298,10.118910647563714,13.427082578199052,-2.513679033741246,-10.50827116170333,38.294775,606.0,-10.50827116170333,-11.338267970430863,1,240000,1910,5.339845528272251,7.038072039162607,4.584812729287134,1.0,9907.0,1406,4.245565830725463,4.83294339577497,2.309223385413658,1.0,-0.06164371922020205,-0.3358146929809971,0.3333333333333333
2_CYL,LI_MF,MF,LI,240000,MID,TAIL,1.5,down,,346,208,214,12.083601965317918,8.38630506980055,4.586762721153847,-7.496839244164071,-6.8865133157852085,14.939323,0.0,-6.8865133157852085,6.261899534682083,1,240000,1914,7.188268484848486,9.849957559127487,6.734275024555115,1.0,0.0,1830,7.340125480327868,10.035238429544524,6.843140234632695,1.0,-0.11996201252225011,0.1906453443575605,0.42857142857142855
2_CYL,HI_MF,MF,HI,240000,HIGH,TAIL,3.0,down,,343,213,214,17.057712833819245,9.978520477511381,5.4433744366197185,-11.614338397199527,-13.954024179613636,16.477724,0.0,-13.954024179613636,-13.505158265744129,1,240000,1929,3.907139859512701,4.5676449830767885,2.365932968119264,1.0,3461.0,1697,3.7276917271655865,4.162579378662088,1.8523988422810327,1.0,0.01868526355130675,1.7433538900744814,0.42857142857142855
2_CYL,LI_HF,HF,LI,240000,MID,TAIL,1.5,down,,339,211,218,7.901127631268437,4.099913957232306,3.992606744075829,-3.9085208871926085,-4.192568456956511,14.856713,314.0,-4.192568456956511,-4.017231736030341,1,240000,1914,3.8328729184952977,4.693971881771087,2.709696886650412,1.0,751.0,1799,3.7175863602001114,4.527468604073242,2.5840904812569927,1.0,0.0037559829739358054,-1.9836105698424136,0.7272727272727273
2_CYL,HI_HF,HF,HI,240000,HIGH,TAIL,3.0,down,,346,211,212,12.124637748554912,6.823506562170978,4.568844483412322,-7.55579326514259,-9.250652932517177,14.687159,0.0,-9.250652932517177,-8.872005677464866,1,240000,1879,3.6738344816391697,4.4112797054456765,2.4417880418242586,1.0,2073.0,1708,3.5098502605386415,4.140392895660687,2.196316115461143,1.0,0.026421843572122336,0.28877499941593643,0.45454545454545453
2_CYL,BASE,BASE,NONE,240000,LOW,TAIL,0.0,down,,338,220,209,2.8788556242603547,1.222039131353488,2.2564793318181815,-0.6223762924421732,-0.12285852856657486,5.949335,571.0,-0.12285852856657486,-0.5612103337841643,1,240000,1924,3.950590595114346,4.664471879527411,2.479945939873702,1.0,0.0,1836,4.0078182162309375,4.719182272939872,2.4916007848123276,1.0,0.09821043805084739,,
3_ZXY,LI_LF,LF,LI,240000,MID,TAIL,1.5,down,,341,210,211,11.645284894428151,7.57728045292466,3.118852757142857,-8.526432137285294,-6.237761861252795,9.443561,0.0,-6.237761861252795,-7.579451059476695,1,240000,1886,4.33671655514316,4.786460924436917,2.0256104515697855,1.0,701.0,1774,4.367744006764374,4.789317125881799,1.9647826403036506,1.0,0.006900482210230682,3.48465654893158,0.3333333333333333
3_ZXY,HI_LF,LF,HI,240000,HIGH,TAIL,3.0,down,,334,212,211,16.304155946107787,8.666217433537353,7.925213066037736,-8.378942880070053,-11.853166102505892,18.849791,0.0,-11.853166102505892,-12.031202582471424,1,240000,1914,4.883741074712643,5.662012394726011,2.8648660480370753,1.0,3323.0,1689,4.505349988158674,4.949909849016946,2.0502265722582016,1.0,0.019657146893127316,11.301622874138848,0.3333333333333333
3_ZXY,LI_MF,MF,LI,240000,MID,TAIL,1.5,down,,339,214,212,8.169592191740414,4.106481815805079,6.876055682242991,-1.2935365094974225,-3.1853766492875835,13.985978,2051.0,-3.1853766492875835,-3.706144778594874,1,240000,1925,4.169088369350649,4.762650783471653,2.3025083395827877,1.0,2594.0,1729,3.813415032388664,4.193555374368245,1.7446410715803289,1.0,-0.02203187363484867,0.9962928197473009,0.42857142857142855
3_ZXY,HI_MF,MF,HI,240000,HIGH,TAIL,3.0,down,,342,210,209,12.372258187134502,5.282671399981759,8.506390566666667,-3.865867620467835,-8.872155727804358,20.225816,526.0,-8.872155727804358,-8.54525587405039,1,240000,1897,4.3843827079599365,5.1184484513557456,2.6411555840820737,1.0,5176.0,1598,3.9293389668335417,4.208460311699587,1.507127558925951,1.0,-0.006212996772747562,3.1269503904641076,0.42857142857142855
3_ZXY,LI_HF,HF,LI,240000,MID,TAIL,1.5,down,,326,213,221,10.382364754601229,7.953296311117472,5.473225774647887,-4.909138979953341,-6.906780125641951,11.029836,0.0,-6.906780125641951,-6.302070600011857,1,240000,1917,4.872172307772561,5.440250428781113,2.4203846246469336,1.0,1391.0,1771,4.797274689440993,5.357402896733493,2.3849363412840265,1.0,0.07032826420932929,-0.031078078097089058,0.6363636363636364
3_ZXY,HI_HF,HF,HI,240000,HIGH,TAIL,3.0,down,,342,212,214,15.595932307017543,16.90023270000856,9.075366287735848,-6.520566019281695,-11.295169676176421,13.285862,0.0,-11.295169676176421,-9.208748133308623,1,240000,1916,4.841680552192067,5.4580715379225175,2.5196575845945817,1.0,15835.0,1154,3.8811597790294625,4.217446578103638,1.6502891894459164,1.0,-0.04530103425452177,2.625954359121133,0.45454545454545453
3_ZXY,BASE,BASE,NONE,240000,LOW,TAIL,0.0,down,,341,207,211,3.6115856568914952,1.9929458997251175,3.1494663719806764,-0.4621192849108189,1.2590332530611108,9.218183,743.0,1.2590332530611108,-0.004219360240777181,1,240000,1918,4.02332373253389,4.584784100820288,2.19843385034985,1.0,556.0,1807,4.042513327614831,4.5696444171373045,2.130665646020182,1.0,0.01583472295163056,,
4_QHL,HI_HF,HF,HI,240000,HIGH,TAIL,3.0,down,,337,208,212,21.65824525816024,9.51838883168532,3.3723750336538463,-18.285870224506393,-13.645656390235711,16.571009,0.0,-13.645656390235711,-13.455933698351625,1,240000,1897,8.471626581971535,9.575072535640446,4.462460881443024,1.0,131.0,1808,8.626783759402654,9.703192549469831,4.4419081058249565,1.0,0.07234051568193137,0.003221587025602995,0.8181818181818182
4_QHL,LI_HF,HF,LI,240000,MID,TAIL,1.5,down,,341,206,217,18.1369567829912,11.24812401229916,6.941639262135923,-11.195317520855276,-9.945097709258478,15.409378,0.0,-9.945097709258478,-11.307102061293087,1,240000,1921,7.5886833883394065,8.763375530960413,4.382765693962804,1.0,0.0,1838,7.7745274570184995,8.915007806412634,4.362807239434685,1.0,0.10089424424553392,-6.088758459232588,1.0
4_QHL,HI_MF,MF,HI,240000,HIGH,TAIL,3.0,down,,338,216,214,13.892003215976331,6.420664939298667,3.974188638888889,-9.91781457708744,-7.1089517673781994,16.388626,0.0,-7.1089517673781994,-4.276950932322485,1,240000,1920,6.625761226041666,7.449542510374429,3.405139026436158,1.0,0.0,1834,6.779566002181025,7.577857361303911,3.3854699836712574,1.0,0.02333160849803281,2.644728664185373,0.42857142857142855
4_QHL,LI_MF,MF,LI,240000,MID,TAIL,1.5,down,,338,214,209,11.239939284023668,7.2805980758640665,8.309503700934581,-2.9304355830890874,-3.9761003366552474,14.417516,0.0,-3.9761003366552474,-2.078175543282928,1,240000,1930,7.163509790673575,7.987224188239558,3.532687038519388,1.0,273.0,1835,7.265310007084468,8.076358604605575,3.527440830282601,1.0,-0.0568981620272752,1.4294639020042015,0.5714285714285714
4_QHL,HI_LF,LF,HI,240000,HIGH,TAIL,3.0,down,,332,211,209,20.73665661144578,9.073010593798458,10.096785308056871,-10.63987130338891,-11.79286557316827,15.878833,0.0,-11.79286557316827,-12.692788902707917,1,240000,1886,7.848865044008483,8.381950104657417,2.9414970810640244,1.0,1466.0,1738,7.629034097813578,8.1490101491073,2.864298368650086,1.0,-0.04055142807968204,8.649770004895897,0.3333333333333333
4_QHL,LI_LF,LF,LI,240000,MID,TAIL,1.5,down,,335,208,211,11.415663405970149,5.835993108077187,5.6792599038461535,-5.736403502123995,-1.4810914249274951,12.162193,0.0,-1.4810914249274951,-6.216864290585534,1,240000,1909,7.393083727082241,8.124704456544569,3.3694414241157107,1.0,0.0,1828,7.427049037199125,8.160933142602422,3.3822732528679884,1.0,0.049425902733468724,3.9802151557223553,1.0
4_QHL,BASE,BASE,NONE,240000,LOW,TAIL,0.0,down,,345,207,212,5.315273408695652,2.239319372598439,4.006150719806763,-1.3091226888888885,3.7235414969647254,17.912752,0.0,3.7235414969647254,7.4917043035685,1,240000,1897,7.382579441750131,8.67543493709853,4.556390252609853,1.0,0.0,1815,7.502056262258953,8.807877527236409,4.614960278561167,1.0,0.01072998175251961,,
5_WZM,LI_HF,HF,LI,240000,MID,TAIL,1.5,down,,325,189,197,7.368076532307693,2.2414765432337447,7.812313873015875,0.4442373407081819,-3.825551796267084,23.377303,0.0,-3.825551796267084,-3.8956741737218343,1,240000,1811,4.901105787410271,5.9436188077207195,3.3624048822390527,1.0,0.0,1738,4.974585867663982,6.02784928134719,3.4041830743771126,1.0,-0.007334770976659947,-1.3856692820509766,0.5454545454545454
5_WZM,HI_HF,HF,HI,240000,HIGH,TAIL,3.0,down,,325,198,206,14.969415080000001,7.855014170030137,3.1155647121212127,-11.853850367878788,-9.926436002330098,6.870811,0.0,-9.926436002330098,-10.994394340869565,1,240000,1840,3.9440189597826083,4.281545431834398,1.6662369968696844,1.0,327.0,1746,4.012659102520046,4.337819061007213,1.6477988751666628,1.0,-0.029212792347689736,2.225073909159744,0.45454545454545453
5_WZM,LI_LF,LF,LI,240000,MID,TAIL,1.5,down,,327,206,209,7.502855220183486,2.599464058747695,5.284595621359223,-2.218259598824263,-4.6398529091787015,10.433678,919.0,-4.6398529091787015,-4.565021176065839,1,240000,1852,4.706108454643629,5.16414084755639,2.1262393812861675,1.0,1251.0,1719,4.627726872600349,5.050847620539083,2.023661453533647,1.0,0.04823307572238402,3.9098250306667097,0.3333333333333333
5_WZM,HI_MF,MF,HI,240000,HIGH,TAIL,3.0,down,,331,205,209,14.257366329305135,6.320422446719252,6.800547297560976,-7.45681903174416,-10.982659224041978,14.393745,0.0,-10.982659224041978,-11.97913231407671,1,240000,1847,3.9912460005414183,4.525788932913466,2.13371057747862,1.0,4846.0,1566,3.6594920504469988,3.947873718337987,1.4811565847873838,1.0,0.004372876331207689,1.1541621447209078,0.42857142857142855
5_WZM,LI_MF,MF,LI,240000,MID,TAIL,1.5,down,,323,210,201,8.48518460371517,5.2835456369770615,3.4031124285714283,-5.082072175143742,-5.779618369884325,10.304692,0.0,-5.779618369884325,-3.2188599403005362,1,240000,1841,3.7487861667571973,4.317782508322486,2.1423930697016127,1.0,859.0,1721,3.724273040674027,4.259306453910248,2.0667563443304404,1.0,-0.0029758977766490987,0.9340951251209159,0.42857142857142855
5_WZM,HI_LF,LF,HI,240000,HIGH,TAIL,3.0,down,,342,210,210,17.01639100877193,8.406111733610713,4.910823433333333,-12.105567575438595,-11.539282889724312,8.885421,0.0,-11.539282889724312,-13.868994326307474,1,240000,1897,4.576429598840274,5.09036749311791,2.228930986336309,1.0,2358.0,1713,4.560682198482195,5.085866048787453,2.2508245934893525,1.0,-0.0314667637474803,0.8884027650080141,0.3333333333333333
5_WZM,BASE,BASE,NONE,240000,LOW,TAIL,0.0,down,,334,220,213,5.307874230538922,1.797540410161135,3.034922281818182,-2.27295194872074,-0.45224434790981416,8.759841,0.0,-0.45224434790981416,0.3167630914122972,1,240000,1899,3.9363076145339653,4.465864299862336,2.109366328674759,1.0,0.0,1808,3.933687581858407,4.483616702263396,2.1514926774563397,1.0,-0.0042868243127374165,,
6_HRB,BASE,BASE,NONE,240000,LOW,TAIL,0.0,down,,327,204,202,2.7677409051987767,1.1118201548902134,2.2047303970588237,-0.563010508139953,0.871977401731916,7.675045,0.0,0.871977401731916,0.5041826375147913,1,240000,1824,2.7275881217105264,3.0969853960659344,1.4668270456155752,1.0,0.0,1744,2.712910572821101,3.0987405901945433,1.4974342954516282,1.0,-0.02284024069182561,,
6_HRB,HI_HF,HF,HI,240000,HIGH,TAIL,3.0,down,,321,196,209,7.081104576323988,3.220401091686925,3.7737885459183667,-3.3073160304056217,-4.60521327967327,8.134477,0.0,-4.60521327967327,-4.7063641893893156,1,240000,1805,2.480327474238227,2.827053368826482,1.3565420637533425,1.0,12532.0,1218,2.2824738070607555,2.5772197556200083,1.1968186950577089,1.0,0.011809381043328609,0.49944298694540445,0.45454545454545453
6_HRB,HI_MF,MF,HI,240000,HIGH,TAIL,3.0,down,,326,203,203,8.633657619631903,4.630754658458985,2.55848654679803,-6.075171072833873,-5.809153062981657,7.733426,0.0,-5.809153062981657,-7.218920246497574,1,240000,1831,2.2964785849262697,2.5901365015268016,1.1979120191051331,1.0,2704.0,1640,2.264769326219512,2.53865692871634,1.1469955975219328,1.0,-0.024052974369892757,0.8045384290054906,0.42857142857142855
6_HRB,HI_LF,LF,HI,240000,HIGH,TAIL,3.0,down,,335,204,204,9.823157325373135,4.781283892398794,3.0560743333333336,-6.767082992039802,-7.15659429105941,7.496987,0.0,-7.15659429105941,-7.798342080275097,1,240000,1829,2.573780155822854,2.961391962097323,1.4647518775093338,1.0,3054.0,1623,2.5130698447319775,2.919283641820609,1.4854955189768138,1.0,-0.011746541869462205,2.845625371733229,0.3333333333333333
6_HRB,LI_HF,HF,LI,240000,MID,TAIL,1.5,down,,329,203,199,5.207008458966565,2.58852326695151,2.107665561576354,-3.099342897390211,-2.877407795649982,5.534258,0.0,-2.877407795649982,-2.878205282198888,1,240000,1814,2.3637766477398015,2.813480729583496,1.525855096441883,1.0,278.0,1723,2.3598239593731862,2.818678079434186,1.5414853214516993,1.0,0.01641415332673671,-0.4897680882001403,0.6363636363636364
6_HRB,LI_MF,MF,LI,240000,MID,TAIL,1.5,down,,318,199,200,4.442704034591195,2.627271276074224,4.3391010402010055,-0.10360299439018927,-1.6096656345911944,12.741882,1085.0,-1.6096656345911944,-2.5453411693062207,1,240000,1779,2.750964363687465,3.35256314322479,1.9162136360622493,1.0,1391.0,1645,2.5681705610942247,2.934480413704526,1.419744789581726,1.0,0.014326024200514665,-0.2282031199113678,0.5714285714285714
6_HRB,LI_LF,LF,LI,240000,MID,TAIL,1.5,down,,327,198,198,4.577751899082569,2.2211762744912202,2.8364617828282825,-1.7412901162542869,-1.335812550597721,7.760767,0.0,-1.335812550597721,-1.4760062970417538,1,240000,1790,2.541267269273743,2.8843415413492295,1.364326498046132,1.0,2524.0,1612,2.4866992009925557,2.8356837988096455,1.362875522787935,1.0,-0.010733747671067696,0.6918356541914993,0.3333333333333333
7_XJ,BASE,BASE,NONE,240000,LOW,TAIL,0.0,down,,336,212,192,8.015975779761906,3.2011423074077894,2.484666396226415,-5.531309383535491,-5.015844389136905,6.557038,0.0,-5.015844389136905,-1.164817636904763,1,240000,1886,4.6737221654294805,5.4669720101040316,2.8362129820650077,1.0,0.0,1800,4.803128609444444,5.576832547101408,2.8339048712943518,1.0,0.019759645801277856,,
7_XJ,LI_LF,LF,LI,240000,MID,TAIL,1.5,down,,341,213,212,9.248672542521994,3.6493552062809833,4.465975394366197,-4.782697148155798,-5.056376834974825,8.798909,0.0,-5.056376834974825,-2.7284488965889784,1,240000,1908,4.906213617400419,5.507865926217217,2.5031290421429206,1.0,0.0,1821,4.910277685886876,5.516954849771796,2.5151468867447835,1.0,0.04228437917316797,1.867400149680311,0.3333333333333333
7_XJ,LI_MF,MF,LI,240000,MID,TAIL,1.5,down,,343,205,217,13.803485425655976,6.819940578568468,3.036007946341463,-10.767477479314513,-8.375146089250446,8.561005,0.0,-8.375146089250446,-7.507127629447446,1,240000,1909,5.43000244787847,6.541118629099277,3.6470956028027857,1.0,0.0,1828,5.5345284978118165,6.649365699387393,3.685520114054253,1.0,0.0562707443881446,0.5499498546992939,0.7142857142857143
7_XJ,LI_HF,HF,LI,240000,MID,TAIL,1.5,down,,342,214,215,11.996994274853803,4.190937549215918,10.260487761682246,-1.7365065131715571,-3.4806486888072907,16.949959,424.0,-3.4806486888072907,-3.2166830116959098,1,240000,1896,7.802279627637131,8.4479311776406,3.23913164201622,1.0,1300.0,1753,7.601929911009697,8.230175603033148,3.153799626618363,1.0,-0.08166025072255255,0.4197469581238611,0.7272727272727273
7_XJ,HI_LF,LF,HI,240000,HIGH,TAIL,3.0,down,,345,217,214,17.207442171014492,6.923157200738107,7.896606414746544,-9.310835756267949,-10.107462128958415,15.392732,0.0,-10.107462128958415,-11.326857072883652,1,240000,1927,5.273946436429683,6.008548646682356,2.8789140010113217,1.0,6452.0,1562,4.608499418693983,5.199584479485412,2.4077815239765443,1.0,0.0027619162419130205,7.045843877736336,0.3333333333333333
7_XJ,HI_MF,MF,HI,240000,HIGH,TAIL,3.0,down,,335,209,211,19.494886507462684,5.860216808771097,11.290125349282297,-8.204761158180387,-14.9967767302115,20.012335,0.0,-14.9967767302115,-12.565800848808838,1,240000,1867,6.042145113551152,7.202748138568601,3.920722277137643,1.0,3107.0,1654,5.385933525997582,6.023880488763615,2.6979355434187484,1.0,-0.06138262280567866,3.847490969204152,0.42857142857142855
7_XJ,HI_HF,HF,HI,240000,HIGH,TAIL,3.0,down,,342,210,212,17.66086333625731,8.275965622136843,13.764858042857144,-3.896005293400167,-7.155413996634669,35.306683,1105.0,-7.155413996634669,-12.217677374904653,1,240000,1886,6.626656332449629,8.55500875013783,5.410693168766834,1.0,9815.0,1387,5.050320881759192,5.760218465662912,2.7702663704833594,1.0,0.04076020504591233,3.1413994930370035,0.45454545454545453
8_SFM,BASE,BASE,NONE,240000,LOW,TAIL,0.0,down,,331,200,210,4.777594280966767,3.082342518641089,3.082155025,-1.6954392559667668,4.067191366652279,16.806404,0.0,4.067191366652279,0.12189543331894637,1,240000,1845,5.292173304065041,6.199376427767205,3.2288031548697695,1.0,0.0,1764,5.42592878628118,6.312969800189156,3.226900138570384,1.0,0.015252036284458436,,
8_SFM,LI_LF,LF,LI,240000,MID,TAIL,1.5,down,,321,202,198,10.217483866043615,2.8400322139298595,6.645839326732674,-3.571644539310941,-0.4209721791749299,15.856276,0.0,-0.4209721791749299,3.6845885705046086,1,240000,1798,10.306613240823136,11.307433503098213,4.650997304995684,1.0,0.0,1718,10.438482046565774,11.45138635232243,4.708751634316725,1.0,0.09316691461494797,-3.4481857370478366,1.0
8_SFM,LI_MF,MF,LI,240000,MID,TAIL,1.5,down,,330,204,204,13.717933703030306,5.446921431317319,3.8451502598039213,-9.872783443226385,-7.253901560873443,10.448109,0.0,-7.253901560873443,-9.052060783432315,1,240000,1844,6.7640863275488075,7.466352392582766,3.1612583259983182,1.0,0.0,1763,6.893356700510493,7.5795443969364324,3.15136901435829,1.0,0.07834334981458496,-0.014849625295314719,1.0
8_SFM,LI_HF,HF,LI,240000,MID,TAIL,1.5,down,,315,111,192,14.018927961904762,5.328307302955498,5.423182450450451,-8.59574551145431,-1.0245688994047608,21.143246,0.0,-1.0245688994047608,-6.840278275337598,1,240000,1739,8.975402893617021,9.86210283355017,4.086956715793487,1.0,216.0,1654,9.10629818319226,9.956840273998019,4.026661351628449,1.0,-0.021434032098072826,-0.5746183059916992,0.8181818181818182
8_SFM,HI_LF,LF,HI,240000,HIGH,TAIL,3.0,down,,327,202,203,8.869107299694189,4.336309901315352,6.69306210891089,-2.1760451907832987,-4.233378610039017,10.115495,0.0,-4.233378610039017,-2.616558470548461,1,240000,1845,5.22032612899729,5.855100721421632,2.651490065020098,1.0,4275.0,1595,5.075740308463949,5.742337377179484,2.685386168577407,1.0,-0.062145716994722516,-3.6826149811753326,1.0
8_SFM,HI_MF,MF,HI,240000,HIGH,TAIL,3.0,down,,315,201,203,10.70244718095238,6.790673028848085,6.239265333333333,-4.463181847619047,-3.1657079986863685,20.939304,469.0,-3.1657079986863685,-4.758757807215004,1,240000,1809,6.361483634051962,7.815178425564206,4.539662960737643,1.0,936.0,1691,6.190740096392667,7.544415976504772,4.311954253636808,1.0,0.04850722129585633,-2.1107091793670465,0.8571428571428571
8_SFM,HI_HF,HF,HI,240000,HIGH,TAIL,3.0,down,,328,212,209,6.982972993902439,2.579844587966589,3.4735391084905656,-3.509433885411873,-3.8860942427062666,7.756824,0.0,-3.8860942427062666,-4.836936847560976,1,240000,1887,3.3043917832538416,3.7472295963274886,1.7671232527351246,1.0,2981.0,1676,3.2819870966587112,3.727868138590684,1.7679257778779334,1.0,-0.0010247264940115776,-0.5868422877330078,0.8181818181818182
9_LSS,LI_LF,LF,LI,240000,MID,TAIL,1.5,down,,339,205,210,13.311720292035396,7.696548276069532,5.663067863414634,-7.648652428620762,-6.74767481584492,11.466794,0.0,-6.74767481584492,-9.173679563880057,1,240000,1887,5.310984925808161,5.768127677604072,2.250496839140331,1.0,3298.0,1670,5.275670296407186,5.744432155470658,2.2728404502763038,1.0,-0.04182449905468161,1.5971502024822666,0.3333333333333333
9_LSS,HI_LF,LF,HI,240000,HIGH,TAIL,3.0,down,,334,211,210,17.592525314371258,6.650163063648189,23.295745725118483,5.703220410747225,-10.912967138180782,48.203069,2360.0,-10.912967138180782,-12.311425511486643,1,240000,1881,8.825081997341838,11.956755338896668,8.067336981583637,0.9925571504518873,3111.0,1665,6.991822603003003,7.8220896960231565,3.507064855512077,1.0,0.057369225285340025,7.167652680206803,0.3333333333333333
9_LSS,HI_HF,HF,HI,240000,HIGH,TAIL,3.0,down,,333,204,211,20.836177702702702,12.569560364971668,3.505660436274509,-17.330517266428192,-9.438618631612655,17.429611,0.0,-9.438618631612655,-17.86402630074192,1,240000,1878,5.824479106496272,6.792557965380606,3.494894397695572,1.0,0.0,1793,5.979455090351366,6.922416774524097,3.48797517518169,1.0,-0.029012438006396846,2.508623253464111,0.45454545454545453
9_LSS,BASE,BASE,NONE,240000,LOW,TAIL,0.0,down,,335,210,209,7.009860447761194,2.4338701149201656,6.056137042857142,-0.9537234049040517,-3.788292620009998,9.465374,1029.0,-3.788292620009998,-0.40881771442786086,1,240000,1889,5.704471286924298,6.36348319840115,2.8200932170745636,1.0,0.0,1805,5.599249785595568,6.2702893825738535,2.8222208949205925,1.0,0.08869330645116615,,
9_LSS,LI_HF,HF,LI,240000,MID,TAIL,1.5,down,,332,209,213,8.523283596385543,4.780853073911575,3.467636086124402,-5.0556475102611405,2.617103582018215,15.616512,0.0,2.617103582018215,-0.8961269476050555,1,240000,1879,6.772192858967536,7.633181810395636,3.5217706386850245,1.0,0.0,1796,6.911554631403119,7.749273932269295,3.504519803693301,1.0,-0.029113165100170552,-0.5365876683458409,0.7272727272727273
9_LSS,LI_MF,MF,LI,240000,MID,TAIL,1.5,down,,334,213,212,10.138727535928144,5.863365614670073,8.004742643192488,-2.133984892735656,-0.3414712576262584,23.495936,856.0,-0.3414712576262584,2.667887492507873,1,240000,1887,7.914354424483307,9.16116549247996,4.614103079068245,1.0,2071.0,1713,7.773488567425569,8.888282509834587,4.3098075904540565,1.0,-0.2153299040710928,-0.6275075492682642,0.5714285714285714
9_LSS,HI_MF,MF,HI,240000,HIGH,TAIL,3.0,down,,341,209,211,11.440381850439882,5.383605879405442,6.123766779904305,-5.316615070535577,-1.2243137272171314,17.027577,76.0,-1.2243137272171314,-5.03575849607095,1,240000,1889,6.4691970598200115,7.484831593130435,3.7645973727265485,1.0,1128.0,1761,6.443605928449745,7.384553078542488,3.6071549465830595,1.0,-0.0370188680094096,-0.6001846996216357,0.42857142857142855
10_CYW,BASE,BASE,NONE,240000,LOW,TAIL,0.0,down,,336,208,208,4.852864782738095,3.143512638100511,5.974400456730769,1.1215356739926738,4.80657630860806,19.884304,5164.0,4.80657630860806,0.8216048757984904,1,240000,1878,6.174683069222577,7.151898284714424,3.608730811456733,1.0,5137.0,1580,6.240340694303797,7.287156190149561,3.763082959310235,1.0,-0.0563059027530838,,
10_CYW,LI_HF,HF,LI,240000,MID,TAIL,1.5,down,,335,209,210,10.904198674626866,5.538690361099171,5.14705538755981,-5.757143287067056,3.364351258706469,27.786936,0.0,3.364351258706469,-6.007592650236622,1,240000,1890,8.226809116402116,10.482296672160437,6.496010720855442,1.0,0.0,1807,8.326337208633094,10.636068286337164,6.618010069481553,1.0,-0.012950552373812419,-0.24247003791620114,0.5454545454545454
10_CYW,HI_LF,LF,HI,240000,HIGH,TAIL,3.0,down,,333,208,207,15.110886948948949,9.17351326748354,12.231477995192309,-2.8794089537566396,-11.338714842668756,26.018777,931.0,-11.338714842668756,-11.003962154690576,1,240000,1878,10.376715627263048,13.09596469905477,7.98924678488552,1.0,2002.0,1712,9.99533157885514,12.656698780825822,7.7643654381603575,1.0,0.1605934636245941,5.895680453519847,0.3333333333333333
10_CYW,LI_MF,MF,LI,240000,MID,TAIL,1.5,down,,334,209,214,20.774119541916168,8.999699772498825,11.892937339712919,-8.881182202203249,-7.604355308271305,26.60464,0.0,-7.604355308271305,-10.348212875249503,1,240000,1898,14.277609917808219,16.756933402586952,8.771811220816296,0.987881981032666,526.0,1794,14.251592053511706,16.7990809214287,8.893887999350552,0.9871794871794872,0.1656135181859772,-0.9670178645525416,0.8571428571428571
10_CYW,HI_MF,MF,HI,240000,HIGH,TAIL,3.0,down,,335,204,207,28.9772289761194,12.228498510908201,32.73683941666667,3.75961044054727,-23.3349078408537,52.866988,1440.0,-23.3349078408537,-19.205992534804846,1,240000,1888,10.823494456567797,14.197016506614148,9.187341587081693,0.9851694915254238,5307.0,1589,8.231936497168029,9.021986636647245,3.692081307126702,1.0,-0.020276802744853217,5.756148765602433,0.42857142857142855
10_CYW,LI_LF,LF,LI,240000,MID,TAIL,1.5,down,,324,209,206,7.006210728395062,2.590106065548085,12.025602478468898,5.019391750073836,-1.373008077909625,16.869558,5237.0,-1.373008077909625,-3.246122917968522,1,240000,1878,5.28583042545261,6.194538857058587,3.2299084143313097,1.0,7330.0,1491,4.2993710885311875,4.807332436569899,2.1507797187994946,1.0,-0.018342963336658344,2.1028065299964336,0.3333333333333333
10_CYW,HI_HF,HF,HI,240000,HIGH,TAIL,3.0,down,,333,208,207,11.837856858858858,4.819698750247338,6.559101269230769,-5.278755589628089,-8.582481211515862,9.932322,0.0,-8.582481211515862,-6.9606262930052,1,240000,1869,4.014672072766185,4.5051535759334245,2.0442154707606015,1.0,4779.0,1588,3.805408567380353,4.218513311474788,1.8206373044618716,1.0,-0.07724798685768351,-0.2797311843326464,0.5454545454545454
11_QSQ,HI_HF,HF,HI,240000,HIGH,TAIL,3.0,down,,337,214,207,11.684587317507418,7.346642233353842,7.438845154205608,-4.24574216330181,-6.645802100116115,21.239078,270.0,-6.645802100116115,-8.422653414125776,1,240000,1876,4.863225747334754,5.861576250112891,3.272172285554019,1.0,3096.0,1658,4.5329077388419785,5.316705460037841,2.7785075814081734,1.0,-0.025926878570154094,0.5458878681787109,0.45454545454545453
11_QSQ,HI_MF,MF,HI,240000,HIGH,TAIL,3.0,down,,327,207,199,12.93529754740061,7.527852210787227,9.714537260869564,-3.2207602865310463,-9.65217869815438,32.102776,807.0,-9.65217869815438,-8.593462815343194,1,240000,1856,5.520099967672414,7.132673352279014,4.517026178495555,1.0,3885.0,1612,5.073662194789081,6.017981011024901,3.2363632957726365,1.0,0.012632005456562857,2.6393436957625327,0.42857142857142855
11_QSQ,BASE,BASE,NONE,240000,LOW,TAIL,0.0,down,,333,207,207,4.14592242042042,1.4975522303632054,7.290895072463767,3.1449726520433474,0.23684435735735754,13.97347,5193.0,0.23684435735735754,-0.032443825298468454,1,240000,1875,4.484050121066667,4.991031144583114,2.191731369935796,1.0,5246.0,1574,4.1412313818297335,4.518599524573423,1.8077456418489197,1.0,-0.03941204834775309,,
11_QSQ,HI_LF,LF,HI,240000,HIGH,TAIL,3.0,down,,336,208,210,9.210083461309523,3.962651698518269,4.371549730769231,-4.838533730540292,-7.413684661309523,13.696102,74.0,-7.413684661309523,-4.991589176285367,1,240000,1881,3.4336355847953217,4.002436578661111,2.0566101324830024,1.0,3251.0,1662,3.3295617599277976,3.8164621556319425,1.8653154886499272,1.0,-0.004011012059348942,2.33890830214767,0.3333333333333333
11_QSQ,LI_HF,HF,LI,240000,MID,TAIL,1.5,down,,336,205,206,5.960185964285714,3.370317550891482,1.6415026390243903,-4.318683325261324,-2.4310235565187233,7.051011,0.0,-2.4310235565187233,-1.9783291710164832,1,240000,1877,3.8053889984017046,4.344005771353418,2.095089666910482,1.0,0.0,1795,3.8866708367688023,4.416761048085537,2.0979914114448963,1.0,0.02689908807130593,0.4992670543108563,0.45454545454545453
11_QSQ,LI_LF,LF,LI,240000,MID,TAIL,1.5,down,,337,207,209,7.211843243323442,4.509105423082152,2.870054299516908,-4.3417889438065345,-3.717621611744495,7.941136,0.0,-3.717621611744495,-3.966148879245772,1,240000,1882,3.27516097130712,3.629737200176165,1.564708520577972,1.0,2307.0,1705,3.302591900879766,3.655648752355153,1.5673718565928016,1.0,-0.0008462375892629748,2.4065976250143657,0.3333333333333333
11_QSQ,LI_MF,MF,LI,240000,MID,TAIL,1.5,down,,343,211,209,6.796236250728863,2.97599136588434,3.813368592417061,-2.982867658311802,-3.3982120928341266,6.245027,0.0,-3.3982120928341266,-3.298248188824101,1,240000,1907,4.215388734137389,4.738523190206474,2.1642781346749613,1.0,0.0,1823,4.202024798683488,4.743121831992915,2.200043705106063,1.0,0.0519095899979857,0.18918838855014833,0.8571428571428571
12_ZTH,LI_HF,HF,LI,240000,MID,TAIL,1.5,down,,334,208,201,17.142209781437128,8.180874142370525,22.151233716346155,5.0090239349090275,-4.410676209297826,33.306627,3364.0,-4.410676209297826,-5.787886216219736,1,240000,1869,11.43901238683788,13.432496726644787,7.041375144465208,1.0,14223.0,1200,9.663945264166667,11.213344173074534,5.6874642394493575,1.0,-0.3425083714258905,4.448491344321033,0.6363636363636364
12_ZTH,LI_MF,MF,LI,240000,MID,TAIL,1.5,down,,331,208,206,23.664219096676735,7.238071536490397,9.94924333173077,-13.714975764945965,-5.618972086967993,23.698123,0.0,-5.618972086967993,-14.613923053614535,1,240000,1876,10.366992926439234,11.708226329203645,5.441325338464552,1.0,0.0,1795,10.477967932590529,11.849131663345167,5.533001823503545,1.0,-0.14670675685010354,-0.6696283477100012,0.5714285714285714
12_ZTH,HI_LF,LF,HI,240000,HIGH,TAIL,3.0,down,,328,203,196,24.032231365853658,10.337275173712824,10.017521211822661,-14.014710154030997,-15.958436549527127,38.432194,146.0,-15.958436549527127,-14.086223651567945,1,240000,1820,9.212941571978021,10.49362447833542,5.023729917465652,1.0,1479.0,1680,8.97631010892857,9.997742234401821,4.40235239546866,1.0,-0.003509151334609503,10.9450641710551,0.3333333333333333
12_ZTH,HI_MF,MF,HI,240000,HIGH,TAIL,3.0,down,,321,208,203,23.074846685358256,12.328479324679462,14.860554706730769,-8.214291978627488,-9.744429256786828,23.594631,0.0,-9.744429256786828,-15.751445059144665,1,240000,1836,10.776645539215686,12.264241541149712,5.854530852405248,1.0,2433.0,1652,10.244583646489104,11.705133270787174,5.662035923320948,1.0,-0.10450528928359533,0.09376980976531105,0.42857142857142855
12_ZTH,LI_LF,LF,LI,240000,MID,TAIL,1.5,down,,325,204,201,15.25649330153846,7.751172880219697,16.251279019607843,0.994785718069382,-7.736471759249904,19.92013,0.0,-7.736471759249904,-4.192113408855533,1,240000,1846,9.961520635969665,10.985173591110703,4.6305664282014725,1.0,4986.0,1562,9.339030759923176,10.270601789871723,4.274080672065628,1.0,-0.09548839878661317,4.442685741376828,0.3333333333333333
12_ZTH,HI_HF,HF,HI,240000,HIGH,TAIL,3.0,down,,327,206,201,28.21199509480122,12.729875748334331,13.188690485436894,-15.023304609364327,-17.821814836094752,30.86095,0.0,-17.821814836094752,-18.743484764704135,1,240000,1840,10.134382210326088,11.649029926128764,5.744057401773562,1.0,2474.0,1656,9.720221713768115,11.020254366414417,5.192619390603056,1.0,-0.1406848909125832,4.505231091638085,0.45454545454545453
12_ZTH,BASE,BASE,NONE,240000,LOW,TAIL,0.0,down,,327,200,204,12.763822159021407,4.990613890859812,10.965999444999998,-1.7978227140214091,-3.889686011962583,17.036904,0.0,-3.889686011962583,-4.625035228673148,1,240000,1838,11.599526100652884,13.181564277787308,6.261360159718569,1.0,0.0,1757,11.513571984632897,13.16811913871552,6.390385106242226,1.0,0.11004429086393924,,
13_LQL,LI_LF,LF,LI,240000,MID,TAIL,1.5,down,,350,215,216,18.992648062857143,9.957260902676087,9.745557102325582,-9.24709096053156,-11.141654386931215,20.812504,0.0,-11.141654386931215,-7.059550479523809,1,240000,1969,12.202694826815643,13.637159182602218,6.088213985664332,1.0,1216.0,1831,12.242733076460949,13.682071201286979,6.108564412005122,1.0,0.11896563606967174,2.846412056606383,0.3333333333333333
13_LQL,LI_MF,MF,LI,240000,MID,TAIL,1.5,down,,351,221,219,18.24516184900285,7.249476217296204,26.04145977828054,7.796297929277689,-2.116636858135273,48.18688,4762.0,-2.116636858135273,3.252338547310515,1,240000,1967,18.313826545500763,20.579090213332492,9.38630445222126,0.9938993390950687,4389.0,1684,17.37702035391924,19.49894780823052,8.845797264666098,1.0,0.013646783000151357,0.3224339566357773,0.5714285714285714
13_LQL,LI_HF,HF,LI,240000,MID,TAIL,1.5,down,,350,218,219,19.690945065714285,11.263709497676516,6.229535550458716,-13.461409515255568,-7.341488736947161,23.061968,0.0,-7.341488736947161,-11.451269614551492,1,240000,1972,11.117503527890465,12.727325589671954,6.195638140890866,1.0,0.0,1885,11.373933588859417,12.932657709731876,6.155263613632065,1.0,0.07899419730689379,2.2485990861938316,0.8181818181818182
13_LQL,HI_LF,LF,HI,240000,HIGH,TAIL,3.0,down,,342,212,219,30.063809590643274,14.53479126241148,10.637098476415094,-19.42671111422818,-10.158532800688938,26.11468,0.0,-10.158532800688938,-8.75288450882509,1,240000,1966,16.394674604781283,17.931303071560396,7.262663041026415,1.0,0.0,1882,16.840863263018065,18.266956806926647,7.075806352809003,1.0,-0.10027597627394126,2.583629065617961,0.3333333333333333
13_LQL,HI_MF,MF,HI,240000,HIGH,TAIL,3.0,down,,355,222,225,28.10183831549296,11.904785144585658,26.583950995495496,-1.5178873199974632,-7.133036635492957,39.303357,0.0,-7.133036635492957,-5.124141282934822,1,240000,1977,18.2710831497218,19.729259475831977,7.443869961294194,1.0,7294.0,1562,16.81628569206146,18.262137775307874,7.121671969930645,1.0,-0.106231876676858,5.50206589151046,0.5714285714285714
13_LQL,HI_HF,HF,HI,240000,HIGH,TAIL,3.0,down,,345,215,215,25.53216506086957,10.95095758027571,12.5506578372093,-12.98150722366027,-6.054089712032358,29.132655,0.0,-6.054089712032358,-2.1990263585439926,1,240000,1966,19.65904571007121,21.284279454124903,8.15735702606023,1.0,84.0,1874,20.047319137673426,21.581053998302448,7.99042471148555,1.0,0.05909184172050472,0.9568273866969658,0.45454545454545453
13_LQL,BASE,BASE,NONE,240000,LOW,TAIL,0.0,down,,355,222,221,24.545699656338023,9.314889989780134,16.227543396396396,-8.318156259941627,-3.933064113351591,31.671323,0.0,-3.933064113351591,-17.222878864671355,1,240000,1978,10.872036141557128,12.797430320629083,6.75078165459617,1.0,9332.0,1479,8.900068753887762,10.23509020386406,5.054290025048502,1.0,0.026555498479748134,,
14_DWZ,LI_MF,MF,LI,240000,MID,TAIL,1.5,down,,343,215,216,11.28319972303207,5.362934885728343,6.502544106976743,-4.780655616055326,-5.92026971840244,14.313693,0.0,-5.92026971840244,-5.946567397343996,1,240000,1956,6.395508765337424,7.270222550160189,3.4573983804806057,1.0,354.0,1853,6.418030963302752,7.287216755836436,3.4514354406001075,1.0,0.06908387850178294,3.1398232629606815,0.42857142857142855
14_DWZ,LI_LF,LF,LI,240000,MID,TAIL,1.5,down,,352,224,222,15.824493798295457,8.906760524699372,10.434411147321429,-5.390082650974028,-5.235379163160321,24.343445,0.0,-5.235379163160321,-9.201797412974354,1,240000,2001,8.291401661669164,9.656107306358557,4.949047059463157,1.0,2425.0,1803,7.971528519689406,9.186653766329268,4.56610780448624,1.0,-0.10750867736129441,3.6478892458492003,0.6666666666666666
14_DWZ,LI_HF,HF,LI,240000,MID,TAIL,1.5,down,,351,221,221,13.570629985754985,6.832970436539533,9.180255728506786,-4.390374257248199,-3.404803202949557,22.459157,271.0,-3.404803202949557,-8.682342610754986,1,240000,1977,8.85401240920587,10.401609058934564,5.4589316970024555,1.0,9670.0,1464,8.850074655054645,10.59581218783551,5.826440982267217,1.0,-0.2473304502156116,1.5860115993168884,0.45454545454545453
14_DWZ,HI_LF,LF,HI,240000,HIGH,TAIL,3.0,down,,346,221,214,25.281730878612716,9.01624524403703,9.899722742081448,-15.382008136531269,-19.11636950945384,23.498133,0.0,-19.11636950945384,-21.25980654978389,1,240000,1974,6.8844922016210734,7.983525680938327,4.042332176358149,1.0,1308.0,1827,6.45697164367816,7.403658218483115,3.6223848786191577,1.0,0.08088944203877753,14.890618554627546,0.3333333333333333
14_DWZ,HI_MF,MF,HI,240000,HIGH,TAIL,3.0,down,,343,217,219,23.49360374635568,11.120419962577246,8.069085640552995,-15.424518105802687,-17.176027390191297,23.585861,0.0,-17.176027390191297,-15.877903764373698,1,240000,1973,7.631188687278256,8.924300630143216,4.626888906849932,1.0,2607.0,1772,7.575019434537246,8.80600741951753,4.490528614648926,1.0,0.0678555846723111,4.047566757051383,0.42857142857142855
14_DWZ,HI_HF,HF,HI,240000,HIGH,TAIL,3.0,down,,349,222,223,18.670369790830946,8.166411082901872,7.431609261261261,-11.238760529569685,-8.125387409665027,26.333413,0.0,-8.125387409665027,-10.922230472858594,1,240000,1982,7.336304626639757,8.401524735522388,4.094417212099741,1.0,959.0,1850,7.237206275135136,8.094571094933093,3.6255932676006193,1.0,-0.062313825010467415,2.4653819478276855,0.45454545454545453
14_DWZ,BASE,BASE,NONE,240000,LOW,TAIL,0.0,down,,356,218,223,6.050400924157304,3.173424795878008,6.692266444954129,0.6418655207968245,3.13194201754673,19.624256,1093.0,3.13194201754673,2.726985402945499,1,240000,1966,8.32953821363174,9.501226246767024,4.570786949738866,1.0,0.0,1880,8.36036285319149,9.533272690616457,4.58122485331482,1.0,0.08856921339503432,,
15_ZYJ,LI_HF,HF,LI,240000,MID,TAIL,1.5,down,,345,220,221,27.07311004057971,14.488392492427351,31.295723890909095,4.222613850329385,-10.032277610715457,58.384145,1738.0,-10.032277610715457,-10.50366664149714,1,240000,1981,18.972502160524986,22.858017949245724,12.748848823988558,0.9429581019687027,3406.0,1742,17.50373271182549,20.862982702992163,11.352681992301225,0.9701492537313433,-0.35146259353613857,0.1712460248545593,0.7272727272727273
15_ZYJ,LI_MF,MF,LI,240000,MID,TAIL,1.5,down,,351,226,222,28.03956078632479,10.878294514565976,20.798869920353983,-7.240690865970809,-18.003323241279745,38.55645,0.0,-18.003323241279745,-21.378759575315616,1,240000,1985,9.660155433249372,12.006052385867365,7.129284038222499,1.0,3344.0,1745,8.269016568481376,9.328603818409519,4.318126236115052,1.0,-0.030781236269666556,7.104853993228845,0.42857142857142855
15_ZYJ,LI_LF,LF,LI,240000,MID,TAIL,1.5,down,,353,222,223,18.19586907082153,8.133563109575352,13.404585693693694,-4.7912833771278365,-8.069979774857405,25.205778,0.0,-8.069979774857405,-10.001416801415138,1,240000,1985,8.446048238790931,9.75106440834236,4.8731433637496995,1.0,4929.0,1678,7.863903487485102,9.011104307023503,4.39988894991421,1.0,-0.13060271402284362,2.107909867698558,0.3333333333333333
15_ZYJ,BASE,BASE,NONE,240000,LOW,TAIL,0.0,down,,340,219,220,10.020947602941177,5.029587575466143,8.107216392694065,-1.9137312102471125,-1.694860293850267,22.659937,0.0,-1.694860293850267,1.0938773303921572,1,240000,1946,8.508210723021582,9.65982340275495,4.574116140313098,1.0,5679.0,1607,8.565135788425637,9.898661579535386,4.962050986436988,1.0,-0.12568779100688574,,
15_ZYJ,HI_HF,HF,HI,240000,HIGH,TAIL,3.0,down,,338,217,217,32.70190696153846,18.003812229342987,11.225753829493085,-21.476153132045376,-19.75656500762141,31.571781,0.0,-19.75656500762141,-17.526038192307695,1,240000,1902,9.617181888538381,11.325242080069216,5.980879592078399,1.0,1042.0,1766,9.50926736806342,11.30602256134701,6.1155523283160464,1.0,-0.12886609809014055,8.619177110000381,0.45454545454545453
15_ZYJ,HI_MF,MF,HI,240000,HIGH,TAIL,3.0,down,,335,213,215,36.196884352238804,13.344561170680475,6.222993173708921,-29.973891178529882,-25.842896552238805,15.942186,0.0,-25.842896552238805,-28.46316835702349,1,240000,1910,10.869644234554976,13.372971014718319,7.790198198679035,0.9947643979057592,0.0,1826,11.119418220153342,13.607619982180955,7.843842172352292,0.9945235487404163,0.04865428237959024,1.2269027995175643,0.42857142857142855
15_ZYJ,HI_LF,LF,HI,240000,HIGH,TAIL,3.0,down,,342,217,216,35.29343343567251,16.263875048842678,22.14761500921659,-13.145818426455921,-25.78738695882066,46.070507,0.0,-25.78738695882066,-25.85010396869138,1,240000,1945,9.802301136760924,12.238465791280563,7.327682945420061,1.0,5272.0,1632,8.368879015931373,9.217035857716207,3.8620737977322306,1.0,-0.13440942904590436,12.376404503757016,0.3333333333333333
